20200814_14-32-54 , 0
20200814_14-32-54 , 0
20200814_14-32-54 , 0
20200814_14-32-54 , 0
20200814_14-32-54 , 0
20200814_14-32-54 , 0
20200814_14-32-54 , 0
20200814_14-32-54 , 0
20200814_14-32-54 , 0
20200814_14-32-54 , 0
20200814_14-32-55 , 0
20200814_14-32-55 , 0
20200814_14-32-55 , 0
20200814_14-32-55 , 0
20200814_14-32-55 , 0
20200814_14-32-55 , 0
20200814_14-32-55 , 0
20200814_14-32-55 , 0
20200814_14-32-55 , 0
20200814_14-32-55 , 0
20200814_14-32-55 , 0
20200814_14-32-55 , 0
20200814_14-32-55 , 0
20200814_14-32-56 , 0
20200814_14-32-56 , 0
20200814_14-32-56 , 0
20200814_14-32-56 , 0
20200814_14-32-56 , 0
20200814_14-32-56 , 0
20200814_14-32-56 , 0
20200814_14-32-56 , 0
20200814_14-32-56 , 0
20200814_14-32-56 , 0
20200814_14-32-56 , 0
20200814_14-32-56 , 0
20200814_14-32-56 , 0
20200814_14-32-56 , 0
20200814_14-32-56 , 0
20200814_14-32-56 , 0
20200814_14-32-56 , 0
20200814_14-32-57 , 0
20200814_14-32-57 , 0
20200814_14-32-57 , 0
20200814_14-32-57 , 0
20200814_14-32-57 , 0
20200814_14-32-57 , 0
20200814_14-32-57 , 0
20200814_14-32-57 , 0
20200814_14-32-57 , 0
20200814_14-32-57 , 0
20200814_14-32-57 , 0
20200814_14-32-57 , 0
20200814_14-32-57 , 0
20200814_14-32-57 , 0
20200814_14-32-57 , 0
20200814_14-32-57 , 0
20200814_14-32-57 , 0
20200814_14-32-57 , 0
20200814_14-32-58 , 0
20200814_14-32-58 , 0
20200814_14-32-58 , 0
20200814_14-32-58 , 0
20200814_14-32-58 , 0
20200814_14-32-58 , 0
20200814_14-32-58 , 0
20200814_14-32-58 , 0
20200814_14-32-58 , 0
20200814_14-32-58 , 0
20200814_14-32-58 , 0
20200814_14-32-58 , 0
20200814_14-32-58 , 0
20200814_14-32-59 , 0
20200814_14-32-59 , 0
20200814_14-32-59 , 0
20200814_14-32-59 , 0
20200814_14-32-59 , 0
20200814_14-32-59 , 0
20200814_14-32-59 , 0
20200814_14-32-59 , 0
20200814_14-32-59 , 0
20200814_14-32-59 , 0
20200814_14-32-59 , 0
20200814_14-32-59 , 0
20200814_14-32-59 , 0
20200814_14-32-59 , 0
20200814_14-32-59 , 0
20200814_14-32-59 , 0
20200814_14-32-59 , 0
20200814_14-32-59 , 0
20200814_14-32-59 , 0
20200814_14-32-59 , 0
20200814_14-32-59 , 0
20200814_14-32-59 , 0
20200814_14-33-00 , 0
20200814_14-33-00 , 0
20200814_14-33-00 , 0
20200814_14-33-00 , 0
20200814_14-33-00 , 0
20200814_14-33-00 , 0
20200814_14-33-00 , 0
20200814_14-33-00 , 0
20200814_14-33-00 , 0
20200814_14-33-00 , 0
20200814_14-33-00 , 0
20200814_14-33-00 , 0
20200814_14-33-00 , 0
20200814_14-33-00 , 0
20200814_14-33-00 , 0
20200814_14-33-00 , 0
20200814_14-33-00 , 0
20200814_14-33-01 , 0
20200814_14-33-01 , 0
20200814_14-33-01 , 0
20200814_14-33-01 , 0
20200814_14-33-01 , 0
20200814_14-33-01 , 0
20200814_14-33-01 , 0
20200814_14-33-01 , 0
20200814_14-33-01 , 0
20200814_14-33-01 , 0
20200814_14-33-01 , 0
20200814_14-33-01 , 0
20200814_14-33-01 , 0
20200814_14-33-01 , 0
20200814_14-33-01 , 0
20200814_14-33-01 , 0
20200814_14-33-01 , 0
20200814_14-33-01 , 0
20200814_14-33-01 , 0
20200814_14-33-01 , 0
20200814_14-33-02 , 0
20200814_14-33-02 , 0
20200814_14-33-02 , 0
20200814_14-33-02 , 0
20200814_14-33-02 , 0
20200814_14-33-02 , 0
20200814_14-33-02 , 0
20200814_14-33-02 , 0
20200814_14-33-02 , 0
20200814_14-33-02 , 0
20200814_14-33-02 , 0
20200814_14-33-02 , 1
20200814_14-33-02 , 1
20200814_14-33-02 , 1
20200814_14-33-02 , 1
20200814_14-33-02 , 1
20200814_14-33-02 , 1
20200814_14-33-03 , 1
20200814_14-33-03 , 1
20200814_14-33-03 , 1
20200814_14-33-03 , 1
20200814_14-33-03 , 1
20200814_14-33-03 , 1
20200814_14-33-03 , 1
20200814_14-33-03 , 1
20200814_14-33-03 , 1
20200814_14-33-03 , 1
20200814_14-33-03 , 1
20200814_14-33-03 , 1
20200814_14-33-03 , 1
20200814_14-33-03 , 1
20200814_14-33-03 , 1
20200814_14-33-03 , 1
20200814_14-33-04 , 1
20200814_14-33-04 , 1
20200814_14-33-04 , 1
20200814_14-33-04 , 1
20200814_14-33-04 , 1
20200814_14-33-04 , 1
20200814_14-33-04 , 1
20200814_14-33-04 , 1
20200814_14-33-04 , 1
20200814_14-33-04 , 1
20200814_14-33-04 , 1
20200814_14-33-04 , 1
20200814_14-33-04 , 1
20200814_14-33-04 , 1
20200814_14-33-04 , 1
20200814_14-33-04 , 1
20200814_14-33-04 , 1
20200814_14-33-04 , 1
20200814_14-33-05 , 1
20200814_14-33-05 , 1
20200814_14-33-05 , 1
20200814_14-33-05 , 1
20200814_14-33-05 , 1
20200814_14-33-05 , 1
20200814_14-33-05 , 1
20200814_14-33-05 , 1
20200814_14-33-05 , 1
20200814_14-33-05 , 1
20200814_14-33-05 , 1
20200814_14-33-05 , 1
20200814_14-33-05 , 1
20200814_14-33-05 , 1
20200814_14-33-05 , 1
20200814_14-33-05 , 1
20200814_14-33-05 , 1
20200814_14-33-05 , 1
20200814_14-33-05 , 1
20200814_14-33-06 , 1
20200814_14-33-06 , 1
20200814_14-33-06 , 1
20200814_14-33-06 , 1
20200814_14-33-06 , 1
20200814_14-33-06 , 1
20200814_14-33-06 , 1
20200814_14-33-06 , 1
20200814_14-33-06 , 1
20200814_14-33-06 , 1
20200814_14-33-06 , 1
20200814_14-33-06 , 1
20200814_14-33-06 , 1
20200814_14-33-06 , 1
20200814_14-33-07 , 1
20200814_14-33-07 , 1
20200814_14-33-07 , 1
20200814_14-33-07 , 1
20200814_14-33-07 , 1
20200814_14-33-07 , 1
20200814_14-33-07 , 0
20200814_14-33-07 , 1
20200814_14-33-07 , 1
20200814_14-33-07 , 1
20200814_14-33-07 , 1
20200814_14-33-07 , 1
20200814_14-33-07 , 1
20200814_14-33-07 , 1
20200814_14-33-07 , 1
20200814_14-33-07 , 1
20200814_14-33-08 , 1
20200814_14-33-08 , 1
20200814_14-33-08 , 1
20200814_14-33-08 , 1
20200814_14-33-08 , 1
20200814_14-33-08 , 1
20200814_14-33-08 , 1
20200814_14-33-08 , 1
20200814_14-33-08 , 1
20200814_14-33-08 , 1
20200814_14-33-08 , 1
20200814_14-33-08 , 2
20200814_14-33-08 , 2
20200814_14-33-08 , 2
20200814_14-33-08 , 2
20200814_14-33-09 , 2
20200814_14-33-09 , 2
20200814_14-33-09 , 2
20200814_14-33-09 , 2
20200814_14-33-09 , 2
20200814_14-33-09 , 2
20200814_14-33-09 , 2
20200814_14-33-09 , 2
20200814_14-33-09 , 2
20200814_14-33-09 , 2
20200814_14-33-09 , 2
20200814_14-33-09 , 2
20200814_14-33-10 , 2
20200814_14-33-10 , 2
20200814_14-33-10 , 2
20200814_14-33-10 , 2
20200814_14-33-10 , 4
20200814_14-33-10 , 4
20200814_14-33-10 , 4
20200814_14-33-10 , 4
20200814_14-33-10 , 4
20200814_14-33-10 , 4
20200814_14-33-10 , 4
20200814_14-33-11 , 4
20200814_14-33-11 , 4
20200814_14-33-11 , 4
20200814_14-33-11 , 4
20200814_14-33-11 , 4
20200814_14-33-11 , 4
20200814_14-33-11 , 4
20200814_14-33-12 , 4
20200814_14-33-12 , 4
20200814_14-33-12 , 4
20200814_14-33-12 , 4
20200814_14-33-12 , 4
20200814_14-33-12 , 4
20200814_14-33-12 , 4
20200814_14-33-12 , 4
20200814_14-33-12 , 4
20200814_14-33-13 , 4
20200814_14-33-13 , 4
20200814_14-33-13 , 4
20200814_14-33-13 , 4
20200814_14-33-13 , 4
20200814_14-33-13 , 4
20200814_14-33-13 , 4
20200814_14-33-13 , 4
20200814_14-33-13 , 4
20200814_14-33-13 , 4
20200814_14-33-13 , 4
20200814_14-33-13 , 4
20200814_14-33-14 , 4
20200814_14-33-14 , 4
20200814_14-33-14 , 4
20200814_14-33-14 , 4
20200814_14-33-14 , 4
20200814_14-33-14 , 4
20200814_14-33-14 , 4
20200814_14-33-14 , 4
20200814_14-33-14 , 4
20200814_14-33-15 , 4
20200814_14-33-15 , 4
20200814_14-33-15 , 4
20200814_14-33-15 , 4
20200814_14-33-15 , 4
20200814_14-33-15 , 4
20200814_14-33-15 , 4
20200814_14-33-16 , 4
20200814_14-33-16 , 4
20200814_14-33-16 , 4
20200814_14-33-16 , 4
20200814_14-33-16 , 4
20200814_14-33-16 , 4
20200814_14-33-16 , 4
20200814_14-33-16 , 4
20200814_14-33-16 , 4
20200814_14-33-16 , 4
20200814_14-33-16 , 4
20200814_14-33-16 , 4
20200814_14-33-17 , 4
20200814_14-33-17 , 4
20200814_14-33-17 , 4
20200814_14-33-17 , 4
20200814_14-33-17 , 4
20200814_14-33-17 , 4
20200814_14-33-17 , 4
20200814_14-33-17 , 4
20200814_14-33-17 , 4
20200814_14-33-17 , 4
20200814_14-33-17 , 4
20200814_14-33-18 , 4
20200814_14-33-18 , 4
20200814_14-33-18 , 4
20200814_14-33-18 , 4
20200814_14-33-18 , 4
20200814_14-33-18 , 3
20200814_14-33-18 , 3
20200814_14-33-18 , 3
20200814_14-33-19 , 3
20200814_14-33-19 , 3
20200814_14-33-19 , 3
20200814_14-33-19 , 3
20200814_14-33-19 , 3
20200814_14-33-19 , 3
20200814_14-33-19 , 3
20200814_14-33-19 , 3
20200814_14-33-19 , 4
20200814_14-33-19 , 4
20200814_14-33-20 , 4
20200814_14-33-20 , 4
20200814_14-33-20 , 4
20200814_14-33-20 , 4
20200814_14-33-20 , 4
20200814_14-33-20 , 4
20200814_14-33-20 , 4
20200814_14-33-20 , 4
20200814_14-33-21 , 4
20200814_14-33-21 , 4
20200814_14-33-21 , 4
20200814_14-33-21 , 4
20200814_14-33-21 , 4
20200814_14-33-21 , 4
20200814_14-33-21 , 4
20200814_14-33-21 , 4
20200814_14-33-21 , 4
20200814_14-33-22 , 4
20200814_14-33-22 , 4
20200814_14-33-22 , 4
20200814_14-33-22 , 4
20200814_14-33-22 , 4
20200814_14-33-22 , 4
20200814_14-33-22 , 4
20200814_14-33-22 , 4
20200814_14-33-22 , 4
20200814_14-33-22 , 4
20200814_14-33-22 , 4
20200814_14-33-23 , 4
20200814_14-33-23 , 4
20200814_14-33-23 , 4
20200814_14-33-23 , 4
20200814_14-33-23 , 4
20200814_14-33-23 , 4
20200814_14-33-23 , 4
20200814_14-33-23 , 4
20200814_14-33-23 , 4
20200814_14-33-24 , 4
20200814_14-33-24 , 4
20200814_14-33-24 , 4
20200814_14-33-24 , 4
20200814_14-33-24 , 4
20200814_14-33-24 , 4
20200814_14-33-24 , 4
20200814_14-33-24 , 4
20200814_14-33-24 , 4
20200814_14-33-24 , 4
20200814_14-33-25 , 4
20200814_14-33-25 , 4
20200814_14-33-25 , 4
20200814_14-33-25 , 4
20200814_14-33-25 , 4
20200814_14-33-25 , 4
20200814_14-33-25 , 4
20200814_14-33-25 , 4
20200814_14-33-25 , 4
20200814_14-33-25 , 4
20200814_14-33-25 , 4
20200814_14-33-25 , 4
20200814_14-33-25 , 4
20200814_14-33-26 , 4
20200814_14-33-26 , 4
20200814_14-33-26 , 4
20200814_14-33-26 , 4
20200814_14-33-26 , 4
20200814_14-33-26 , 4
20200814_14-33-26 , 4
20200814_14-33-26 , 4
20200814_14-33-26 , 4
20200814_14-33-26 , 4
20200814_14-33-26 , 4
20200814_14-33-26 , 4
20200814_14-33-26 , 4
20200814_14-33-26 , 4
20200814_14-33-27 , 4
20200814_14-33-27 , 4
20200814_14-33-27 , 4
20200814_14-33-27 , 4
20200814_14-33-27 , 4
20200814_14-33-27 , 4
20200814_14-33-27 , 4
20200814_14-33-27 , 4
20200814_14-33-27 , 4
20200814_14-33-27 , 4
20200814_14-33-27 , 4
20200814_14-33-27 , 4
20200814_14-33-27 , 4
20200814_14-33-28 , 2
20200814_14-33-28 , 2
20200814_14-33-28 , 2
20200814_14-33-28 , 2
20200814_14-33-28 , 2
20200814_14-33-28 , 2
20200814_14-33-28 , 2
20200814_14-33-28 , 2
20200814_14-33-28 , 2
20200814_14-33-28 , 2
20200814_14-33-28 , 1
20200814_14-33-28 , 2
20200814_14-33-28 , 2
20200814_14-33-29 , 2
20200814_14-33-29 , 2
20200814_14-33-29 , 2
20200814_14-33-29 , 2
20200814_14-33-29 , 2
20200814_14-33-29 , 2
20200814_14-33-29 , 2
20200814_14-33-29 , 2
20200814_14-33-29 , 2
20200814_14-33-29 , 2
20200814_14-33-29 , 2
20200814_14-33-30 , 2
20200814_14-33-30 , 2
20200814_14-33-30 , 2
20200814_14-33-30 , 2
20200814_14-33-30 , 2
20200814_14-33-30 , 2
20200814_14-33-30 , 2
20200814_14-33-30 , 2
20200814_14-33-30 , 2
20200814_14-33-30 , 2
20200814_14-33-31 , 2
20200814_14-33-31 , 2
20200814_14-33-31 , 2
20200814_14-33-31 , 2
20200814_14-33-31 , 2
20200814_14-33-31 , 2
20200814_14-33-31 , 2
20200814_14-33-31 , 2
20200814_14-33-31 , 2
20200814_14-33-31 , 2
20200814_14-33-31 , 2
20200814_14-33-31 , 2
20200814_14-33-31 , 2
20200814_14-33-31 , 2
20200814_14-33-31 , 2
20200814_14-33-31 , 2
20200814_14-33-32 , 2
20200814_14-33-32 , 2
20200814_14-33-32 , 2
20200814_14-33-32 , 2
20200814_14-33-32 , 2
20200814_14-33-32 , 2
20200814_14-33-32 , 2
20200814_14-33-32 , 2
20200814_14-33-32 , 2
20200814_14-33-32 , 2
20200814_14-33-33 , 2
20200814_14-33-33 , 2
20200814_14-33-33 , 2
20200814_14-33-33 , 2
20200814_14-33-33 , 2
20200814_14-33-33 , 2
20200814_14-33-33 , 2
20200814_14-33-33 , 2
20200814_14-33-33 , 2
20200814_14-33-33 , 2
20200814_14-33-33 , 2
20200814_14-33-33 , 2
20200814_14-33-33 , 2
20200814_14-33-33 , 2
20200814_14-33-34 , 2
20200814_14-33-34 , 2
20200814_14-33-34 , 2
20200814_14-33-34 , 2
20200814_14-33-34 , 2
20200814_14-33-34 , 2
20200814_14-33-34 , 2
20200814_14-33-34 , 2
20200814_14-33-34 , 2
20200814_14-33-34 , 2
20200814_14-33-34 , 2
20200814_14-33-34 , 2
20200814_14-33-35 , 2
20200814_14-33-35 , 2
20200814_14-33-35 , 2
20200814_14-33-35 , 2
20200814_14-33-35 , 2
20200814_14-33-35 , 2
20200814_14-33-35 , 2
20200814_14-33-35 , 2
20200814_14-33-36 , 2
20200814_14-33-36 , 2
20200814_14-33-36 , 2
20200814_14-33-36 , 2
20200814_14-33-36 , 2
20200814_14-33-36 , 2
20200814_14-33-36 , 2
20200814_14-33-36 , 2
20200814_14-33-36 , 2
20200814_14-33-37 , 2
20200814_14-33-37 , 2
20200814_14-33-37 , 2
20200814_14-33-37 , 2
20200814_14-33-37 , 2
20200814_14-33-37 , 2
20200814_14-33-37 , 2
20200814_14-33-37 , 2
20200814_14-33-37 , 2
20200814_14-33-37 , 2
20200814_14-33-37 , 2
20200814_14-33-37 , 2
20200814_14-33-37 , 2
20200814_14-33-37 , 2
20200814_14-33-37 , 2
20200814_14-33-37 , 2
20200814_14-33-37 , 2
20200814_14-33-38 , 2
20200814_14-33-38 , 2
20200814_14-33-38 , 2
20200814_14-33-38 , 2
20200814_14-33-38 , 2
20200814_14-33-38 , 2
20200814_14-33-38 , 2
20200814_14-33-38 , 2
20200814_14-33-38 , 2
20200814_14-33-38 , 2
20200814_14-33-38 , 2
20200814_14-33-38 , 2
20200814_14-33-38 , 2
20200814_14-33-39 , 2
20200814_14-33-39 , 2
20200814_14-33-39 , 2
20200814_14-33-39 , 2
20200814_14-33-39 , 2
20200814_14-33-39 , 2
20200814_14-33-39 , 2
20200814_14-33-39 , 2
20200814_14-33-39 , 2
20200814_14-33-39 , 2
20200814_14-33-39 , 2
20200814_14-33-39 , 2
20200814_14-33-39 , 2
20200814_14-33-39 , 2
20200814_14-33-39 , 2
20200814_14-33-39 , 2
20200814_14-33-39 , 2
20200814_14-33-40 , 1
20200814_14-33-40 , 1
20200814_14-33-40 , 1
20200814_14-33-40 , 1
20200814_14-33-40 , 1
20200814_14-33-40 , 1
20200814_14-33-40 , 1
20200814_14-33-40 , 1
20200814_14-33-40 , 1
20200814_14-33-40 , 1
20200814_14-33-40 , 1
20200814_14-33-40 , 1
20200814_14-33-40 , 1
20200814_14-33-40 , 1
20200814_14-33-40 , 1
20200814_14-33-40 , 1
20200814_14-33-40 , 1
20200814_14-33-40 , 1
20200814_14-33-40 , 1
20200814_14-33-41 , 1
20200814_14-33-41 , 0
20200814_14-33-41 , 0
20200814_14-33-41 , 0
20200814_14-33-41 , 0
20200814_14-33-41 , 0
20200814_14-33-41 , 0
20200814_14-33-41 , 0
20200814_14-33-41 , 0
20200814_14-33-41 , 0
20200814_14-33-41 , 0
20200814_14-33-41 , 0
20200814_14-33-41 , 0
20200814_14-33-41 , 0
20200814_14-33-41 , 0
20200814_14-33-42 , 0
20200814_14-33-42 , 0
20200814_14-33-42 , 0
20200814_14-33-42 , 0
20200814_14-33-42 , 0
20200814_14-33-42 , 0
20200814_14-33-42 , 0
20200814_14-33-42 , 0
20200814_14-33-42 , 0
20200814_14-33-42 , 0
20200814_14-33-42 , 0
20200814_14-33-42 , 0
20200814_14-33-42 , 0
20200814_14-33-42 , 0
20200814_14-33-42 , 0
20200814_14-33-42 , 0
20200814_14-33-43 , 0
20200814_14-33-43 , 1
20200814_14-33-43 , 1
20200814_14-33-43 , 1
20200814_14-33-43 , 1
20200814_14-33-43 , 1
20200814_14-33-43 , 1
20200814_14-33-43 , 1
20200814_14-33-43 , 1
20200814_14-33-43 , 1
20200814_14-33-43 , 1
20200814_14-33-43 , 1
20200814_14-33-43 , 1
20200814_14-33-43 , 1
20200814_14-33-43 , 1
20200814_14-33-43 , 1
20200814_14-33-43 , 1
20200814_14-33-43 , 1
20200814_14-33-43 , 1
20200814_14-33-43 , 1
20200814_14-33-44 , 1
20200814_14-33-44 , 1
20200814_14-33-44 , 1
20200814_14-33-44 , 1
20200814_14-33-44 , 1
20200814_14-33-44 , 1
20200814_14-33-44 , 1
20200814_14-33-44 , 1
20200814_14-33-44 , 1
20200814_14-33-44 , 1
20200814_14-33-44 , 1
20200814_14-33-44 , 1
20200814_14-33-44 , 1
20200814_14-33-45 , 1
20200814_14-33-45 , 1
20200814_14-33-45 , 1
20200814_14-33-45 , 1
20200814_14-33-45 , 1
20200814_14-33-45 , 1
20200814_14-33-45 , 1
20200814_14-33-45 , 1
20200814_14-33-45 , 1
20200814_14-33-45 , 1
20200814_14-33-45 , 1
20200814_14-33-45 , 1
20200814_14-33-45 , 1
20200814_14-33-45 , 1
20200814_14-33-45 , 1
20200814_14-33-45 , 1
20200814_14-33-45 , 1
20200814_14-33-46 , 0
20200814_14-33-46 , 1
20200814_14-33-46 , 1
20200814_14-33-46 , 1
20200814_14-33-46 , 1
20200814_14-33-46 , 1
20200814_14-33-46 , 1
20200814_14-33-46 , 1
20200814_14-33-46 , 1
20200814_14-33-46 , 1
20200814_14-33-46 , 1
20200814_14-33-46 , 1
20200814_14-33-46 , 1
20200814_14-33-46 , 1
20200814_14-33-46 , 1
20200814_14-33-46 , 1
20200814_14-33-46 , 1
20200814_14-33-47 , 1
20200814_14-33-47 , 1
20200814_14-33-47 , 1
20200814_14-33-47 , 1
20200814_14-33-47 , 1
20200814_14-33-47 , 1
20200814_14-33-47 , 1
20200814_14-33-47 , 1
20200814_14-33-47 , 1
20200814_14-33-47 , 1
20200814_14-33-47 , 1
20200814_14-33-47 , 1
20200814_14-33-47 , 1
20200814_14-33-47 , 1
20200814_14-33-48 , 1
20200814_14-33-48 , 1
20200814_14-33-48 , 1
20200814_14-33-48 , 1
20200814_14-33-48 , 1
20200814_14-33-48 , 1
20200814_14-33-48 , 1
20200814_14-33-48 , 1
20200814_14-33-48 , 1
20200814_14-33-48 , 1
20200814_14-33-48 , 1
20200814_14-33-48 , 1
20200814_14-34-40 , 0
20200814_14-34-40 , 0
20200814_14-34-40 , 0
20200814_14-34-40 , 0
20200814_14-34-40 , 0
20200814_14-34-40 , 0
20200814_14-34-40 , 0
20200814_14-34-41 , 0
20200814_14-34-41 , 0
20200814_14-34-41 , 0
20200814_14-34-41 , 0
20200814_14-34-41 , 0
20200814_14-34-41 , 0
20200814_14-34-41 , 0
20200814_14-34-41 , 0
20200814_14-34-41 , 0
20200814_14-34-41 , 0
20200814_14-34-41 , 0
20200814_14-34-41 , 0
20200814_14-34-41 , 0
20200814_14-34-41 , 0
20200814_14-34-41 , 0
20200814_14-34-41 , 0
20200814_14-34-41 , 0
20200814_14-34-41 , 0
20200814_14-34-41 , 0
20200814_14-34-41 , 0
20200814_14-34-41 , 0
20200814_14-34-41 , 0
20200814_14-34-41 , 0
20200814_14-34-42 , 0
20200814_14-34-42 , 0
20200814_14-34-42 , 0
20200814_14-34-42 , 0
20200814_14-34-42 , 0
20200814_14-34-42 , 0
20200814_14-34-42 , 0
20200814_14-34-42 , 0
20200814_14-34-42 , 0
20200814_14-34-42 , 0
20200814_14-34-42 , 0
20200814_14-34-42 , 0
20200814_14-34-42 , 0
20200814_14-34-42 , 0
20200814_14-34-42 , 0
20200814_14-34-42 , 0
20200814_14-34-42 , 0
20200814_14-34-43 , 0
20200814_14-34-43 , 0
20200814_14-34-43 , 0
20200814_14-34-43 , 0
20200814_14-34-43 , 0
20200814_14-34-43 , 0
20200814_14-34-43 , 0
20200814_14-34-43 , 0
20200814_14-34-43 , 0
20200814_14-34-43 , 0
20200814_14-34-43 , 0
20200814_14-34-43 , 0
20200814_14-34-43 , 0
20200814_14-34-43 , 0
20200814_14-34-44 , 0
20200814_14-34-44 , 0
20200814_14-34-44 , 0
20200814_14-34-44 , 0
20200814_14-34-44 , 0
20200814_14-34-44 , 0
20200814_14-34-44 , 0
20200814_14-34-44 , 0
20200814_14-34-44 , 0
20200814_14-34-44 , 0
20200814_14-34-44 , 0
20200814_14-34-44 , 0
20200814_14-34-44 , 0
20200814_14-34-44 , 0
20200814_14-34-44 , 0
20200814_14-34-44 , 0
20200814_14-34-44 , 0
20200814_14-34-44 , 0
20200814_14-34-44 , 0
20200814_14-34-44 , 0
20200814_14-34-44 , 0
20200814_14-34-44 , 0
20200814_14-34-44 , 0
20200814_14-34-44 , 0
20200814_14-34-44 , 0
20200814_14-34-45 , 0
20200814_14-34-45 , 0
20200814_14-34-45 , 0
20200814_14-34-45 , 0
20200814_14-34-45 , 0
20200814_14-34-45 , 0
20200814_14-34-45 , 0
20200814_14-34-45 , 0
20200814_14-34-45 , 0
20200814_14-34-45 , 0
20200814_14-34-45 , 0
20200814_14-34-45 , 0
20200814_14-34-45 , 0
20200814_14-34-45 , 0
20200814_14-34-45 , 0
20200814_14-34-46 , 0
20200814_14-34-46 , 0
20200814_14-34-46 , 0
20200814_14-34-46 , 0
20200814_14-34-46 , 0
20200814_14-34-46 , 0
20200814_14-34-46 , 0
20200814_14-34-46 , 0
20200814_14-34-46 , 0
20200814_14-34-46 , 0
20200814_14-34-46 , 0
20200814_14-34-47 , 0
20200814_14-34-47 , 0
20200814_14-34-47 , 0
20200814_14-34-47 , 0
20200814_14-34-47 , 0
20200814_14-34-47 , 0
20200814_14-34-47 , 0
20200814_14-34-47 , 0
20200814_14-34-47 , 0
20200814_14-34-47 , 0
20200814_14-34-47 , 0
20200814_14-34-47 , 0
20200814_14-34-47 , 0
20200814_14-34-47 , 0
20200814_14-34-47 , 0
20200814_14-34-47 , 0
20200814_14-34-47 , 0
20200814_14-34-47 , 0
20200814_14-34-47 , 0
20200814_14-34-47 , 0
20200814_14-34-48 , 0
20200814_14-34-48 , 0
20200814_14-34-48 , 0
20200814_14-34-48 , 0
20200814_14-34-48 , 0
20200814_14-34-48 , 0
20200814_14-34-48 , 0
20200814_14-34-48 , 0
20200814_14-34-48 , 0
20200814_14-34-48 , 1
20200814_14-34-48 , 1
20200814_14-34-48 , 1
20200814_14-34-48 , 1
20200814_14-34-48 , 1
20200814_14-34-48 , 1
20200814_14-34-48 , 1
20200814_14-34-48 , 1
20200814_14-34-48 , 1
20200814_14-34-49 , 1
20200814_14-34-49 , 1
20200814_14-34-49 , 1
20200814_14-34-49 , 1
20200814_14-34-49 , 1
20200814_14-34-49 , 1
20200814_14-34-49 , 1
20200814_14-34-49 , 1
20200814_14-34-49 , 1
20200814_14-34-49 , 1
20200814_14-34-49 , 1
20200814_14-34-49 , 1
20200814_14-34-49 , 1
20200814_14-34-49 , 1
20200814_14-34-49 , 1
20200814_14-34-50 , 1
20200814_14-34-50 , 1
20200814_14-34-50 , 1
20200814_14-34-50 , 1
20200814_14-34-50 , 1
20200814_14-34-50 , 1
20200814_14-34-50 , 1
20200814_14-34-50 , 1
20200814_14-34-50 , 1
20200814_14-34-50 , 1
20200814_14-34-50 , 1
20200814_14-34-50 , 1
20200814_14-34-50 , 1
20200814_14-34-50 , 1
20200814_14-34-50 , 1
20200814_14-34-51 , 1
20200814_14-34-51 , 1
20200814_14-34-51 , 1
20200814_14-34-51 , 1
20200814_14-34-51 , 1
20200814_14-34-51 , 1
20200814_14-34-51 , 1
20200814_14-34-51 , 1
20200814_14-34-51 , 1
20200814_14-34-51 , 1
20200814_14-34-51 , 1
20200814_14-34-51 , 1
20200814_14-34-51 , 1
20200814_14-34-51 , 1
20200814_14-34-51 , 1
20200814_14-34-51 , 1
20200814_14-34-51 , 1
20200814_14-34-51 , 1
20200814_14-34-51 , 1
20200814_14-34-51 , 1
20200814_14-34-52 , 1
20200814_14-34-52 , 1
20200814_14-34-52 , 1
20200814_14-34-52 , 1
20200814_14-34-52 , 1
20200814_14-34-52 , 1
20200814_14-34-52 , 1
20200814_14-34-52 , 1
20200814_14-34-52 , 1
20200814_14-34-52 , 1
20200814_14-34-53 , 1
20200814_14-34-53 , 1
20200814_14-34-53 , 1
20200814_14-34-53 , 1
20200814_14-34-53 , 1
20200814_14-34-53 , 1
20200814_14-34-53 , 1
20200814_14-34-53 , 1
20200814_14-34-53 , 1
20200814_14-34-53 , 1
20200814_14-34-53 , 0
20200814_14-34-53 , 1
20200814_14-34-53 , 1
20200814_14-34-53 , 1
20200814_14-34-53 , 1
20200814_14-34-53 , 1
20200814_14-34-53 , 1
20200814_14-34-53 , 1
20200814_14-34-53 , 1
20200814_14-34-53 , 1
20200814_14-34-54 , 1
20200814_14-34-54 , 1
20200814_14-34-54 , 1
20200814_14-34-54 , 1
20200814_14-34-54 , 1
20200814_14-34-54 , 1
20200814_14-34-54 , 1
20200814_14-34-54 , 1
20200814_14-34-54 , 1
20200814_14-34-54 , 1
20200814_14-34-54 , 1
20200814_14-34-54 , 2
20200814_14-34-55 , 2
20200814_14-34-55 , 2
20200814_14-34-55 , 2
20200814_14-34-55 , 2
20200814_14-34-55 , 2
20200814_14-34-55 , 2
20200814_14-34-55 , 2
20200814_14-34-55 , 2
20200814_14-34-56 , 2
20200814_14-34-56 , 2
20200814_14-34-56 , 2
20200814_14-34-56 , 2
20200814_14-34-56 , 2
20200814_14-34-56 , 2
20200814_14-34-56 , 2
20200814_14-34-56 , 2
20200814_14-34-56 , 2
20200814_14-34-56 , 2
20200814_14-34-57 , 2
20200814_14-34-57 , 4
20200814_14-34-57 , 4
20200814_14-34-57 , 4
20200814_14-34-57 , 4
20200814_14-34-57 , 4
20200814_14-34-57 , 4
20200814_14-34-57 , 4
20200814_14-34-57 , 4
20200814_14-34-57 , 4
20200814_14-34-58 , 4
20200814_14-34-58 , 4
20200814_14-34-58 , 4
20200814_14-34-58 , 4
20200814_14-34-58 , 4
20200814_14-34-58 , 4
20200814_14-34-59 , 4
20200814_14-34-59 , 4
20200814_14-34-59 , 4
20200814_14-34-59 , 4
20200814_14-34-59 , 4
20200814_14-34-59 , 4
20200814_14-34-59 , 4
20200814_14-34-59 , 4
20200814_14-35-00 , 4
20200814_14-35-00 , 4
20200814_14-35-00 , 4
20200814_14-35-00 , 4
20200814_14-35-00 , 4
20200814_14-35-00 , 4
20200814_14-35-00 , 4
20200814_14-35-00 , 4
20200814_14-35-00 , 4
20200814_14-35-01 , 4
20200814_14-35-01 , 4
20200814_14-35-01 , 4
20200814_14-35-01 , 4
20200814_14-35-01 , 4
20200814_14-35-01 , 4
20200814_14-35-02 , 4
20200814_14-35-02 , 4
20200814_14-35-02 , 4
20200814_14-35-02 , 4
20200814_14-35-02 , 4
20200814_14-35-02 , 4
20200814_14-35-03 , 4
20200814_14-35-03 , 4
20200814_14-35-03 , 4
20200814_14-35-04 , 4
20200814_14-35-04 , 4
20200814_14-35-04 , 4
20200814_14-35-04 , 4
20200814_14-35-04 , 4
20200814_14-35-04 , 4
20200814_14-35-04 , 4
20200814_14-35-04 , 4
20200814_14-35-04 , 4
20200814_14-35-04 , 4
20200814_14-35-04 , 4
20200814_14-35-05 , 4
20200814_14-35-05 , 4
20200814_14-35-05 , 4
20200814_14-35-05 , 4
20200814_14-35-05 , 4
20200814_14-35-06 , 4
20200814_14-35-06 , 4
20200814_14-35-06 , 4
20200814_14-35-06 , 4
20200814_14-35-06 , 4
20200814_14-35-06 , 4
20200814_14-35-06 , 4
20200814_14-35-06 , 4
20200814_14-35-06 , 4
20200814_14-35-07 , 4
20200814_14-35-07 , 4
20200814_14-35-07 , 4
20200814_14-35-07 , 4
20200814_14-35-07 , 4
20200814_14-35-07 , 4
20200814_14-35-07 , 4
20200814_14-35-07 , 3
20200814_14-35-08 , 3
20200814_14-35-08 , 3
20200814_14-35-08 , 3
20200814_14-35-08 , 3
20200814_14-35-08 , 3
20200814_14-35-08 , 3
20200814_14-35-08 , 3
20200814_14-35-08 , 3
20200814_14-35-08 , 3
20200814_14-35-09 , 3
20200814_14-35-09 , 4
20200814_14-35-09 , 4
20200814_14-35-09 , 4
20200814_14-35-10 , 4
20200814_14-35-10 , 4
20200814_14-35-10 , 4
20200814_14-35-10 , 4
20200814_14-35-10 , 4
20200814_14-35-11 , 4
20200814_14-35-11 , 4
20200814_14-35-11 , 4
20200814_14-35-12 , 4
20200814_14-35-12 , 4
20200814_14-35-12 , 4
20200814_14-35-12 , 4
20200814_14-35-12 , 4
20200814_14-35-12 , 4
20200814_14-35-12 , 4
20200814_14-35-12 , 4
20200814_14-35-12 , 4
20200814_14-35-13 , 4
20200814_14-35-13 , 4
20200814_14-35-13 , 4
20200814_14-35-13 , 4
20200814_14-35-13 , 4
20200814_14-35-13 , 4
20200814_14-35-13 , 4
20200814_14-35-13 , 4
20200814_14-35-13 , 4
20200814_14-35-14 , 4
20200814_14-35-14 , 4
20200814_14-35-14 , 4
20200814_14-35-14 , 4
20200814_14-35-14 , 4
20200814_14-35-14 , 4
20200814_14-35-14 , 4
20200814_14-35-14 , 4
20200814_14-35-14 , 4
20200814_14-35-14 , 4
20200814_14-35-14 , 4
20200814_14-35-15 , 4
20200814_14-35-15 , 4
20200814_14-35-15 , 4
20200814_14-35-15 , 4
20200814_14-35-15 , 4
20200814_14-35-15 , 4
20200814_14-35-15 , 4
20200814_14-35-15 , 4
20200814_14-35-15 , 4
20200814_14-35-16 , 4
20200814_14-35-16 , 4
20200814_14-35-16 , 4
20200814_14-35-16 , 4
20200814_14-35-16 , 4
20200814_14-35-16 , 4
20200814_14-35-16 , 4
20200814_14-35-16 , 4
20200814_14-35-17 , 4
20200814_14-35-17 , 4
20200814_14-35-17 , 4
20200814_14-35-17 , 4
20200814_14-35-17 , 4
20200814_14-35-17 , 4
20200814_14-35-17 , 4
20200814_14-35-17 , 4
20200814_14-35-17 , 4
20200814_14-35-17 , 4
20200814_14-35-17 , 4
20200814_14-35-17 , 4
20200814_14-35-18 , 4
20200814_14-35-18 , 4
20200814_14-35-18 , 4
20200814_14-35-18 , 4
20200814_14-35-18 , 4
20200814_14-35-18 , 4
20200814_14-35-18 , 4
20200814_14-35-18 , 4
20200814_14-35-18 , 4
20200814_14-35-18 , 4
20200814_14-35-18 , 4
20200814_14-35-18 , 4
20200814_14-35-18 , 4
20200814_14-35-18 , 4
20200814_14-35-18 , 4
20200814_14-35-18 , 4
20200814_14-35-19 , 4
20200814_14-35-19 , 4
20200814_14-35-19 , 4
20200814_14-35-19 , 4
20200814_14-35-19 , 2
20200814_14-35-19 , 2
20200814_14-35-19 , 2
20200814_14-35-19 , 2
20200814_14-35-19 , 2
20200814_14-35-19 , 2
20200814_14-35-20 , 2
20200814_14-35-20 , 2
20200814_14-35-20 , 2
20200814_14-35-20 , 2
20200814_14-35-20 , 1
20200814_14-35-20 , 2
20200814_14-35-20 , 2
20200814_14-35-20 , 2
20200814_14-35-20 , 2
20200814_14-35-20 , 2
20200814_14-35-20 , 2
20200814_14-35-20 , 2
20200814_14-35-20 , 2
20200814_14-35-21 , 2
20200814_14-35-21 , 2
20200814_14-35-21 , 2
20200814_14-35-21 , 2
20200814_14-35-21 , 2
20200814_14-35-21 , 2
20200814_14-35-21 , 2
20200814_14-35-21 , 2
20200814_14-35-21 , 2
20200814_14-35-21 , 2
20200814_14-35-22 , 2
20200814_14-35-22 , 2
20200814_14-35-22 , 2
20200814_14-35-22 , 2
20200814_14-35-22 , 2
20200814_14-35-22 , 2
20200814_14-35-22 , 2
20200814_14-35-22 , 2
20200814_14-35-22 , 2
20200814_14-35-22 , 2
20200814_14-35-23 , 2
20200814_14-35-23 , 2
20200814_14-35-23 , 2
20200814_14-35-23 , 2
20200814_14-35-23 , 2
20200814_14-35-23 , 2
20200814_14-35-23 , 2
20200814_14-35-23 , 2
20200814_14-35-23 , 2
20200814_14-35-23 , 2
20200814_14-35-23 , 2
20200814_14-35-23 , 2
20200814_14-35-24 , 2
20200814_14-35-24 , 2
20200814_14-35-24 , 2
20200814_14-35-24 , 2
20200814_14-35-24 , 2
20200814_14-35-24 , 2
20200814_14-35-24 , 2
20200814_14-35-24 , 2
20200814_14-35-24 , 2
20200814_14-35-24 , 2
20200814_14-35-24 , 2
20200814_14-35-24 , 2
20200814_14-35-24 , 2
20200814_14-35-25 , 2
20200814_14-35-25 , 2
20200814_14-35-25 , 2
20200814_14-35-25 , 2
20200814_14-35-25 , 2
20200814_14-35-25 , 2
20200814_14-35-25 , 2
20200814_14-35-25 , 2
20200814_14-35-26 , 2
20200814_14-35-26 , 2
20200814_14-35-26 , 2
20200814_14-35-26 , 2
20200814_14-35-26 , 2
20200814_14-35-26 , 2
20200814_14-35-26 , 2
20200814_14-35-26 , 2
20200814_14-35-26 , 2
20200814_14-35-26 , 2
20200814_14-35-26 , 2
20200814_14-35-26 , 2
20200814_14-35-26 , 2
20200814_14-35-26 , 2
20200814_14-35-27 , 2
20200814_14-35-27 , 2
20200814_14-35-27 , 2
20200814_14-35-27 , 2
20200814_14-35-27 , 2
20200814_14-35-27 , 2
20200814_14-35-27 , 2
20200814_14-35-27 , 2
20200814_14-35-27 , 2
20200814_14-35-28 , 2
20200814_14-35-28 , 2
20200814_14-35-28 , 2
20200814_14-35-28 , 2
20200814_14-35-28 , 2
20200814_14-35-28 , 2
20200814_14-35-28 , 2
20200814_14-35-28 , 2
20200814_14-35-28 , 2
20200814_14-35-29 , 2
20200814_14-35-29 , 2
20200814_14-35-29 , 2
20200814_14-35-29 , 2
20200814_14-35-29 , 2
20200814_14-35-29 , 2
20200814_14-35-29 , 2
20200814_14-35-29 , 2
20200814_14-35-29 , 2
20200814_14-35-29 , 2
20200814_14-35-29 , 2
20200814_14-35-29 , 2
20200814_14-35-29 , 2
20200814_14-35-29 , 2
20200814_14-35-29 , 2
20200814_14-35-30 , 2
20200814_14-35-30 , 2
20200814_14-35-30 , 2
20200814_14-35-30 , 2
20200814_14-35-30 , 2
20200814_14-35-30 , 2
20200814_14-35-30 , 2
20200814_14-35-31 , 2
20200814_14-35-31 , 2
20200814_14-35-31 , 2
20200814_14-35-31 , 2
20200814_14-35-31 , 2
20200814_14-35-31 , 2
20200814_14-35-31 , 2
20200814_14-35-31 , 2
20200814_14-35-31 , 2
20200814_14-35-31 , 2
20200814_14-35-31 , 2
20200814_14-35-31 , 2
20200814_14-35-31 , 2
20200814_14-35-31 , 2
20200814_14-35-32 , 2
20200814_14-35-32 , 2
20200814_14-35-32 , 2
20200814_14-35-32 , 2
20200814_14-35-32 , 2
20200814_14-35-32 , 2
20200814_14-35-32 , 2
20200814_14-35-32 , 2
20200814_14-35-32 , 2
20200814_14-35-32 , 2
20200814_14-35-32 , 1
20200814_14-35-32 , 1
20200814_14-35-32 , 1
20200814_14-35-32 , 1
20200814_14-35-32 , 1
20200814_14-35-32 , 1
20200814_14-35-32 , 1
20200814_14-35-32 , 1
20200814_14-35-32 , 1
20200814_14-35-33 , 1
20200814_14-35-33 , 1
20200814_14-35-33 , 1
20200814_14-35-33 , 1
20200814_14-35-33 , 1
20200814_14-35-33 , 1
20200814_14-35-33 , 1
20200814_14-35-33 , 1
20200814_14-35-33 , 1
20200814_14-35-33 , 1
20200814_14-35-33 , 1
20200814_14-35-33 , 0
20200814_14-35-34 , 0
20200814_14-35-34 , 0
20200814_14-35-34 , 0
20200814_14-35-34 , 0
20200814_14-35-34 , 0
20200814_14-35-34 , 0
20200814_14-35-34 , 0
20200814_14-35-34 , 0
20200814_14-35-34 , 0
20200814_14-35-34 , 0
20200814_14-35-34 , 0
20200814_14-35-34 , 0
20200814_14-35-34 , 0
20200814_14-35-35 , 0
20200814_14-35-35 , 0
20200814_14-35-35 , 0
20200814_14-35-35 , 0
20200814_14-35-35 , 0
20200814_14-35-35 , 0
20200814_14-35-35 , 0
20200814_14-35-35 , 0
20200814_14-35-35 , 0
20200814_14-35-35 , 0
20200814_14-35-35 , 0
20200814_14-35-35 , 0
20200814_14-35-35 , 0
20200814_14-35-36 , 0
20200814_14-35-36 , 0
20200814_14-35-36 , 0
20200814_14-35-36 , 0
20200814_14-35-36 , 1
20200814_14-35-36 , 1
20200814_14-35-36 , 1
20200814_14-35-36 , 1
20200814_14-35-36 , 1
20200814_14-35-36 , 1
20200814_14-35-36 , 1
20200814_14-35-36 , 1
20200814_14-35-36 , 1
20200814_14-35-37 , 1
20200814_14-35-37 , 1
20200814_14-35-37 , 1
20200814_14-35-37 , 1
20200814_14-35-37 , 1
20200814_14-35-37 , 1
20200814_14-35-37 , 1
20200814_14-35-37 , 1
20200814_14-35-37 , 1
20200814_14-35-37 , 1
20200814_14-35-37 , 1
20200814_14-35-37 , 1
20200814_14-35-38 , 1
20200814_14-35-38 , 1
20200814_14-35-38 , 1
20200814_14-35-38 , 1
20200814_14-35-38 , 1
20200814_14-35-38 , 1
20200814_14-35-38 , 1
20200814_14-35-38 , 1
20200814_14-35-38 , 1
20200814_14-35-38 , 1
20200814_14-35-38 , 1
20200814_14-35-38 , 1
20200814_14-35-38 , 1
20200814_14-35-38 , 1
20200814_14-35-38 , 1
20200814_14-35-38 , 1
20200814_14-35-38 , 1
20200814_14-35-38 , 1
20200814_14-35-38 , 1
20200814_14-35-38 , 1
20200814_14-35-38 , 1
20200814_14-35-38 , 1
20200814_14-35-38 , 1
20200814_14-35-39 , 1
20200814_14-35-39 , 1
20200814_14-35-39 , 1
20200814_14-35-39 , 1
20200814_14-35-39 , 1
20200814_14-35-39 , 0
20200814_14-35-39 , 1
20200814_14-35-39 , 1
20200814_14-35-39 , 1
20200814_14-35-39 , 1
20200814_14-35-39 , 1
20200814_14-35-39 , 1
20200814_14-35-40 , 1
20200814_14-35-40 , 1
20200814_14-35-40 , 1
20200814_14-35-40 , 1
20200814_14-35-40 , 1
20200814_14-35-40 , 1
20200814_14-35-40 , 1
20200814_14-35-40 , 1
20200814_14-35-40 , 1
20200814_14-35-40 , 1
20200814_14-35-40 , 1
20200814_14-35-40 , 1
20200814_14-35-40 , 1
20200814_14-35-41 , 1
20200814_14-35-41 , 1
20200814_14-35-41 , 1
20200814_14-35-41 , 1
20200814_14-35-41 , 1
20200814_14-35-41 , 1
20200814_14-35-41 , 1
20200814_14-35-41 , 1
20200814_14-35-41 , 1
20200814_14-35-41 , 1
20200814_14-35-41 , 1
20200814_14-35-41 , 1
20200814_14-35-41 , 1
20200814_14-35-41 , 1
20200814_14-35-41 , 1
20200814_14-35-41 , 1
20200814_14-35-41 , 1
20200814_14-35-41 , 1
20200814_14-35-41 , 1
20200814_14-35-42 , 1
20200814_14-35-42 , 1
20200814_14-35-42 , 1
20200814_14-35-42 , 1
